{"cameraMode":{"drawMode":0,"name":"Shaded","section":"Shading Mode"},"sceneLighting":true,"audioPlay":false,"sceneViewState":{"m_AlwaysRefresh":false,"showFog":true,"showSkybox":true,"showFlares":true,"showImageEffects":true,"showParticleSystems":true,"showVisualEffectGraphs":true,"m_FxEnabled":true},"in2DMode":false,"pivot":{"x":-5.918266296386719,"y":12.754117965698243,"z":79.47154998779297},"rotation":{"x":0.03266269713640213,"y":0.036568865180015567,"z":0.0011957105016335846,"w":-0.9987993240356445},"size":75.53743743896485,"orthographic":false}